<?xml version="1.0" encoding="utf-8"?>
<django-objects version="1.0">
    <object model="testapp.employee" pk="1">
        <field name="eno" type="IntegerField">100</field>
        <field name="ename" type="CharField">Prashant</field>
        <field name="esal" type="FloatField">7500000.0</field>
        <field name="eaddr" type="CharField">US</field>
    </object>
    <object model="testapp.employee" pk="2">
        <field name="eno" type="IntegerField">200</field>
        <field name="ename" type="CharField">Aishwarya</field>
        <field name="esal" type="FloatField">7000000.0</field>
        <field name="eaddr" type="CharField">US</field>
    </object>
    <object model="testapp.employee" pk="3">
        <field name="eno" type="IntegerField">300</field>
        <field name="ename" type="CharField">Rekha</field>
        <field name="esal" type="FloatField">10000.0</field>
        <field name="eaddr" type="CharField">US</field>
    </object>
    <object model="testapp.employee" pk="4">
        <field name="eno" type="IntegerField">400</field>
        <field name="ename" type="CharField">Sharu</field>
        <field name="esal" type="FloatField">7500000.0</field>
        <field name="eaddr" type="CharField">US</field>
    </object>
</django-objects>