[
{
    "model": "testapp.employee",
    "pk": 1,
    "fields": {
        "eno": 100,
        "ename": "Prashant",
        "esal": 7500000.0,
        "eaddr": "US"
    }
},
{
    "model": "testapp.employee",
    "pk": 2,
    "fields": {
        "eno": 200,
        "ename": "Aishwarya",
        "esal": 7000000.0,
        "eaddr": "US"
    }
},
{
    "model": "testapp.employee",
    "pk": 3,
    "fields": {
        "eno": 300,
        "ename": "Rekha",
        "esal": 10000.0,
        "eaddr": "US"
    }
},
{
    "model": "testapp.employee",
    "pk": 4,
    "fields": {
        "eno": 400,
        "ename": "Sharu",
        "esal": 7500000.0,
        "eaddr": "US"
    }
}
]
